work_year,experience_level,employment_type,job_title,salary,salary_currency,salary_in_usd,employee_residence,remote_ratio,company_location,company_size
2021,SE,FT,Machine Learning Developer,192390,KRW,218397,KR,50,US,L
2022,EX,CT,IT Security Auditor,136272,CNY,182412,CN,100,CN,L
2022,MI,FL,ML Engineer,199441,PLN,178386,PL,100,US,S
2022,EN,FT,Penetration Tester,166473,CNY,164931,CN,100,ID,S
2021,EX,CT,DevSecOps Engineer,118844,EUR,141943,PT,100,PH,S
2021,EX,FL,ML Engineer,133663,RUB,178464,RU,0,PT,M
2021,SE,PT,Data Scientist,97284,MAD,185638,MA,0,BR,S
2021,EX,FL,Security Engineer,96117,PHP,142095,PH,0,KM,L
2020,SE,FL,Machine Learning Developer,94272,EUR,119379,DE,50,MM,M
2020,EX,FT,Security Engineer,179033,JMD,201101,JM,50,VN,M
2020,MI,CT,DevSecOps Engineer,131141,CNY,219162,CN,50,CN,S
2021,EX,FL,IT Security Auditor,86898,GTQ,161882,GT,100,RU,S
2022,MI,PT,IT Security Auditor,187584,USD,166086,EC,0,BR,L
2022,SE,PT,Professional Services Consultant,145274,NGN,98719,NG,0,ID,S
2021,EN,FT,ML Engineer,165370,VND,129351,VN,0,CN,M
2021,SE,CT,ML Engineer,217590,PLN,109796,PL,100,UA,M
2020,EX,FT,Machine Learning Developer,110026,UAH,188467,UA,50,BO,L
2021,EX,FT,ML Engineer,94890,EUR,104554,FI,50,PT,S
2021,MI,FL,Data Scientist,80420,SEK,92460,SE,0,NL,S
2022,MI,FL,Professional Services Consultant,158170,BRL,126529,BR,50,SE,L
2022,EN,FT,Professional Services Consultant,183243,RUB,215476,RU,0,MW,M
2020,EN,PT,Machine Learning Developer,204905,CNY,194759,CN,0,ME,L
2022,SE,CT,Security Engineer,208971,EUR,143178,FR,0,SE,L
2022,MI,FL,IT Security Auditor,208647,EUR,204862,FR,100,CN,S
2020,EN,FT,Head of Information Security,153361,EUR,137206,PT,100,CN,S
2021,MI,CT,Head of Information Security,164857,MAD,92685,MA,50,AF,S
2022,SE,PT,Data Scientist,116250,RUB,114622,RU,100,PH,S
2022,SE,FT,ML Engineer,99550,PLN,185876,PL,100,MX,M
2020,SE,CT,IT Security Auditor,94771,EGP,206360,EG,100,TZ,S
2021,SE,PT,Penetration Tester,157036,CNY,94012,CN,0,CN,L
2022,MI,CT,IT Security Auditor,125659,UGX,117848,UG,100,FR,M
2021,SE,FT,ML Engineer,81547,RUB,192909,RU,100,TH,S
2021,MI,PT,Security Engineer,188997,MDL,116479,MD,50,RU,S
2021,SE,PT,Professional Services Consultant,133480,CNY,105817,CN,100,PH,L
2022,EN,CT,Machine Learning Developer,154733,IDR,173057,ID,100,PL,S
2021,SE,FT,Penetration Tester,171043,IDR,86417,ID,0,UY,M
2022,EX,FL,Professional Services Consultant,132057,THB,121008,TH,50,RU,S
2022,EN,FL,Professional Services Consultant,178824,XOF,135783,CI,50,CM,M
2022,EN,FL,Penetration Tester,95217,BOB,110380,BO,100,NG,M
2020,EX,FT,Machine Learning Developer,189552,UAH,145027,UA,0,ID,S
2021,EX,PT,DevSecOps Engineer,184417,EUR,130647,FI,0,ZA,S
2022,EN,FT,Penetration Tester,197293,IDR,161355,ID,0,CU,L
2022,SE,CT,IT Security Auditor,95856,PHP,146708,PH,100,CN,M
2021,MI,CT,IT Security Auditor,117216,HRK,159285,HR,100,SI,M
2022,EN,FT,Security Engineer,211627,EUR,185808,NL,0,MX,L
2021,MI,FL,Security Engineer,119236,PLN,149491,PL,100,PH,S
2020,MI,CT,Data Scientist,140856,IDR,148568,ID,50,PL,S
2021,EN,FL,Security Engineer,130314,PLN,208587,PL,0,ID,M
2021,MI,PT,Machine Learning Developer,205592,CNY,109564,CN,100,TJ,L
2022,SE,CT,Penetration Tester,80666,IDR,146068,ID,0,BR,L
2022,EX,PT,Professional Services Consultant,208133,JPY,183419,JP,0,SE,S
2020,SE,FL,ML Engineer,170353,IDR,163893,ID,0,CR,S
2020,EN,FL,Professional Services Consultant,197145,EUR,93459,IE,100,CO,S
2022,SE,FT,Security Engineer,96866,PLN,126397,PL,50,CN,L
2022,EN,FL,Machine Learning Developer,115686,JPY,179128,JP,50,US,M
2022,EX,FL,Security Engineer,114601,SBD,169371,SB,100,TH,S
2022,EN,FT,IT Security Auditor,179656,SEK,159697,SE,50,KZ,M
2020,EN,FL,Machine Learning Developer,90611,CZK,194723,CZ,100,MG,M
2021,EX,FT,Data Scientist,161451,DKK,144707,GL,100,CN,L
2022,EN,CT,IT Security Auditor,81115,IDR,132084,ID,50,UA,M
2020,EN,PT,DevSecOps Engineer,143429,ILS,94407,PS,50,CL,M
2020,MI,PT,Data Scientist,151216,CNY,139743,CN,100,HN,M
2022,MI,FT,Professional Services Consultant,172677,USD,111430,US,0,RU,L
2020,EX,FT,Penetration Tester,216346,EUR,147802,FR,50,FR,L
2022,MI,FT,Professional Services Consultant,160975,PEN,125942,PE,50,ID,M
2021,EX,FT,Data Scientist,97335,CAD,86190,CA,100,PH,L
2020,SE,FT,Security Engineer,219400,EUR,120361,ES,100,PT,M
2022,MI,FL,Security Engineer,207870,IDR,200317,ID,100,UA,S
2022,SE,FL,ML Engineer,182145,BRL,104663,BR,0,MA,M
2022,SE,PT,Professional Services Consultant,171267,EUR,128299,FR,100,JO,M
2022,MI,CT,ML Engineer,160675,CNY,195600,CN,0,PT,S
2020,MI,FL,Professional Services Consultant,168040,MYR,141240,MY,100,JP,M
2022,SE,FL,Penetration Tester,132449,ARS,166245,AR,50,RU,S
2022,SE,FT,ML Engineer,206050,IDR,94806,ID,100,SE,L
2021,MI,PT,Security Engineer,183742,PLN,113433,PL,0,RU,L
2021,SE,FL,Data Scientist,168538,CNY,87854,CN,0,CA,L
2021,MI,PT,Security Engineer,81615,RUB,82143,RU,100,BR,M
2021,MI,FL,Data Scientist,90686,ZAR,107837,ZA,50,CA,M
2020,EX,FT,IT Security Auditor,171040,CVE,87550,CV,100,BW,M
2021,SE,PT,Machine Learning Developer,182217,RUB,103210,RU,100,CN,S
2020,EN,PT,Head of Information Security,211253,CNY,81462,CN,50,BD,L
2020,EN,PT,Machine Learning Developer,171648,JPY,96568,JP,0,CN,M
2022,EX,CT,DevSecOps Engineer,113638,RUB,80041,RU,100,GL,S
2020,EN,FL,Data Scientist,212575,IDR,112323,ID,100,US,S
2020,MI,FL,Machine Learning Developer,174637,KWD,133117,KW,100,ID,L
2022,EN,FT,Penetration Tester,189277,UAH,80841,UA,50,US,L
2022,EN,FL,Head of Information Security,109159,PHP,170011,PH,0,CN,M
2022,EN,FL,Security Engineer,132815,VEF,87782,VE,0,ID,L
2022,EX,FT,Data Scientist,178680,RUB,153414,RU,100,ID,S
2021,MI,PT,Head of Information Security,165681,EUR,128716,DE,50,PT,S
2020,EX,PT,Professional Services Consultant,180346,CNY,147319,CN,0,ID,M
2020,EX,PT,Data Scientist,173517,SEK,135370,SE,50,YE,M
2020,EN,FL,Penetration Tester,203814,CNY,186074,CN,50,SR,S
2021,EX,FT,DevSecOps Engineer,206272,CNY,91627,CN,100,PL,L
2021,SE,FL,Security Engineer,143984,CNY,86897,CN,50,PE,S
2022,EX,FL,Machine Learning Developer,122067,USD,102164,US,0,ID,M
2020,SE,FL,IT Security Auditor,105110,UAH,84338,UA,50,SE,S
2021,EN,CT,ML Engineer,104833,PLN,142843,PL,100,RU,M
2022,MI,FT,Professional Services Consultant,130936,PEN,126865,PE,50,RU,M
2021,EN,PT,Professional Services Consultant,150922,EUR,102302,FR,50,UG,L
2021,EN,FL,ML Engineer,181634,IDR,174367,ID,100,CN,M
2020,SE,CT,ML Engineer,98081,PHP,136900,PH,100,CN,S
2022,EN,PT,Penetration Tester,138343,ALL,172279,AL,100,MU,L
2021,MI,FL,Data Scientist,196286,PEN,132863,PE,50,RU,S
2020,SE,PT,DevSecOps Engineer,135881,PHP,138639,PH,0,FR,M
2022,MI,CT,Data Scientist,192722,PHP,155041,PH,0,BW,M
2022,EX,FL,Penetration Tester,82490,PEN,179109,PE,50,MX,S
2021,SE,PT,IT Security Auditor,154661,AMD,188089,AM,0,CN,L
2021,EN,PT,Machine Learning Developer,104807,COP,147978,CO,50,PL,S
2022,EX,CT,Security Engineer,188341,CNY,99843,CN,100,ID,M
2020,SE,PT,Security Engineer,118668,IDR,147975,ID,50,ID,S
2022,EX,PT,Penetration Tester,125154,USD,86854,US,50,PE,L
2021,MI,PT,Security Engineer,82035,CNY,120947,CN,50,ID,M
2022,EN,CT,ML Engineer,146450,CNY,184097,CN,0,PL,S
2022,EN,CT,Head of Information Security,146408,LTL,170375,LT,50,PT,M
2021,EN,FT,DevSecOps Engineer,122339,IDR,117929,ID,50,BR,S
2022,EN,FL,Penetration Tester,171587,CNY,130194,CN,50,AR,S
2020,EX,FT,Penetration Tester,120363,CNY,119941,CN,0,ID,M
2020,MI,FL,ML Engineer,169077,SDG,105620,SD,50,CN,L
2022,SE,FT,Security Engineer,152637,PHP,134619,PH,100,CN,L
2021,MI,FL,Data Scientist,189475,PLN,99744,PL,100,CN,M
2020,EX,FL,Head of Information Security,185948,CNY,87530,CN,0,NA,L
2022,EX,PT,Head of Information Security,204261,IDR,118924,ID,50,UA,S
2022,EN,FT,Professional Services Consultant,194061,CZK,81306,CZ,50,BY,S
2022,MI,CT,Penetration Tester,143182,PLN,92665,PL,100,FR,M
2020,SE,PT,Penetration Tester,208807,CUP,170251,CU,0,MK,L
2022,EN,FL,ML Engineer,170883,CNY,95784,CN,50,ID,L
2021,EX,PT,IT Security Auditor,148130,CNY,175412,CN,100,CN,S
2022,MI,CT,DevSecOps Engineer,125013,ZMW,147236,ZM,100,ID,M
2021,EN,FL,Security Engineer,169264,CRC,100902,CR,100,RU,M
2021,MI,FT,ML Engineer,159866,CZK,208308,CZ,50,CN,M
2021,SE,PT,Professional Services Consultant,112143,RUB,133461,RU,50,PY,S
2020,EX,CT,DevSecOps Engineer,121901,IDR,98045,ID,0,ID,S
2022,MI,CT,Machine Learning Developer,80942,CNY,81304,CN,50,ID,L
2021,SE,FT,ML Engineer,187498,RUB,90768,RU,100,CN,L
2021,EN,FT,Data Scientist,155593,KZT,108807,KZ,0,CN,S
2022,EN,CT,Security Engineer,135111,BOB,159540,BO,100,PL,L
2022,MI,PT,Data Scientist,119665,JPY,160665,JP,50,RU,M
2020,EN,PT,Data Scientist,139023,HRK,102947,HR,50,PL,M
2020,MI,CT,IT Security Auditor,147643,PHP,101589,PH,0,PL,S
2021,EN,PT,Head of Information Security,178734,ILS,190346,PS,100,LK,M
2020,SE,PT,IT Security Auditor,152669,IDR,127477,ID,0,CN,S
2022,EN,CT,Data Scientist,88515,JPY,127817,JP,50,AZ,L
2022,EX,FL,Machine Learning Developer,172175,JPY,80544,JP,100,PH,L
2020,EX,CT,Security Engineer,144884,BRL,80608,BR,100,ID,L
2021,EX,FL,Security Engineer,214705,COP,105532,CO,100,HT,S
2020,EN,FL,IT Security Auditor,138477,UAH,123857,UA,0,RU,L
2020,SE,CT,Data Scientist,203393,CNY,174729,CN,50,GT,S
2022,EX,CT,Head of Information Security,146142,RUB,187167,RU,100,ZA,M
2021,EN,FL,Security Engineer,122212,PEN,201130,PE,50,PT,L
2021,EN,FT,DevSecOps Engineer,100479,THB,90875,TH,100,BR,S
2021,EN,CT,Penetration Tester,159770,MKD,81491,MK,100,PH,S
2021,MI,FT,DevSecOps Engineer,183979,IDR,129623,ID,50,RU,L
2021,MI,FT,IT Security Auditor,174382,USD,87620,VI,100,JP,L
2020,EN,CT,Data Scientist,176137,KGS,90276,KG,0,CN,L
2021,MI,FL,DevSecOps Engineer,153824,RUB,176409,RU,100,PE,M
2020,EX,FL,Head of Information Security,175524,ILS,193859,IL,0,PT,M
2020,EN,CT,Head of Information Security,206141,BRL,107668,BR,0,PH,S
2021,EX,PT,Professional Services Consultant,94343,BGN,181646,BG,100,US,M
2021,EN,CT,Head of Information Security,93404,CNY,87830,CN,50,CA,S
2020,MI,FL,Head of Information Security,210884,SEK,105826,SE,0,CZ,S
2022,SE,CT,IT Security Auditor,142746,IDR,199350,ID,100,PL,M
2020,EX,FL,IT Security Auditor,114548,PLN,151925,PL,100,ID,M
2022,EX,FT,Security Engineer,193335,SEK,86495,SE,100,SE,L
2021,SE,FL,Machine Learning Developer,158133,PLN,85383,PL,100,DE,M
2020,SE,PT,Penetration Tester,209466,COP,152351,CO,100,PL,M
2022,MI,PT,Security Engineer,189669,EUR,117122,DE,100,KZ,M
2020,SE,CT,DevSecOps Engineer,207792,RUB,89426,RU,50,CN,S
2020,EX,PT,IT Security Auditor,157033,USD,145519,US,0,UG,L
2020,EN,FL,ML Engineer,147957,ZAR,219965,ZA,100,CN,S
2020,EN,PT,Security Engineer,146901,VND,164891,VN,0,ZA,M
2020,MI,FT,Data Scientist,162837,PLN,185120,PL,50,CN,M
2022,EN,FL,Machine Learning Developer,179095,IDR,202772,ID,100,CZ,M
2022,EX,FL,Professional Services Consultant,173605,IDR,131070,ID,50,PH,L
2020,EN,FT,Machine Learning Developer,92439,JPY,178192,JP,50,CN,M
2021,EX,CT,ML Engineer,188608,PLN,122232,PL,100,ID,L
2022,EX,PT,IT Security Auditor,219613,MXN,217138,MX,100,RS,L
2021,EX,PT,Professional Services Consultant,100200,BRL,109168,BR,0,CN,S
2021,MI,PT,Professional Services Consultant,119849,SEK,94672,SE,50,CN,S
2022,EN,FT,Security Engineer,112525,THB,204682,TH,0,BR,S
2021,MI,FT,ML Engineer,141010,IDR,164907,ID,50,CN,L
2020,EX,FL,ML Engineer,130340,SEK,219486,SE,0,AR,S
2021,EN,FT,Penetration Tester,150785,RUB,81984,RU,0,TM,S
2021,EN,FT,Professional Services Consultant,98384,HNL,195672,HN,100,CN,S
2020,EN,PT,Security Engineer,115399,HNL,109705,HN,0,PH,S
2021,EN,FT,Head of Information Security,215000,CNY,111767,CN,50,FR,M
2020,SE,FL,DevSecOps Engineer,83328,COP,190085,CO,100,UA,L
2022,SE,FT,ML Engineer,132850,EUR,165331,PT,50,BA,L
2020,SE,FL,Data Scientist,95615,AOA,108064,AO,50,SE,S
2021,SE,CT,Security Engineer,82678,BRL,186031,BR,0,PL,M
2022,EX,CT,Professional Services Consultant,96738,CUP,161735,CU,0,CN,L
2022,SE,FL,Head of Information Security,179400,IDR,199127,ID,50,PG,L
2022,EN,CT,Security Engineer,147632,USD,156589,US,50,PA,L
2020,SE,CT,Head of Information Security,210039,CNY,142593,CN,0,ID,S
2020,SE,FT,ML Engineer,184813,CNY,196801,CN,50,FR,S
2020,SE,CT,Head of Information Security,169322,KRW,144462,KR,50,PE,M
2021,SE,CT,Penetration Tester,204613,ZMW,215366,ZM,50,BR,S
2021,EX,FT,Machine Learning Developer,100238,IDR,144266,ID,100,CN,S
2022,EX,CT,Machine Learning Developer,152521,AMD,156137,AM,50,PL,M
2020,SE,FT,ML Engineer,165430,HNL,178003,HN,100,CN,M
2020,EX,FL,Machine Learning Developer,190927,PHP,181174,PH,50,RU,S
2021,EX,FT,Security Engineer,162565,EUR,204224,PT,50,RU,L
2020,SE,FT,DevSecOps Engineer,200577,JPY,98589,JP,50,YE,S
2021,EX,FT,IT Security Auditor,176202,EUR,86915,FI,50,PH,M
2022,MI,FL,ML Engineer,121032,CNY,194184,CN,50,CN,S
2020,SE,FL,Penetration Tester,179885,USD,150347,US,0,NO,S
2020,EN,FT,Data Scientist,144498,PAB,149452,PA,50,VN,S
2020,SE,FT,ML Engineer,183172,ARS,111693,AR,0,CN,M
2020,MI,FL,Data Scientist,129627,PHP,151479,PH,100,ID,S
2020,SE,FT,Security Engineer,150980,IDR,179660,ID,50,BR,L
2022,SE,PT,Machine Learning Developer,108121,SEK,197428,SE,100,MA,M
2021,EX,FL,IT Security Auditor,187483,IDR,144930,ID,100,GB,L
2020,SE,PT,DevSecOps Engineer,202001,EUR,147615,FR,0,AF,M
2020,SE,CT,Machine Learning Developer,141935,JPY,148604,JP,0,MR,M
2021,EX,FT,ML Engineer,142046,CNY,158452,CN,50,RU,L
2021,SE,FT,Machine Learning Developer,207438,PLN,150652,PL,0,ID,S
2020,SE,FL,IT Security Auditor,109011,CNY,213097,CN,100,CA,L
2022,MI,PT,Head of Information Security,181091,IDR,194349,ID,50,PH,M
2022,SE,FT,ML Engineer,191902,USD,194102,TL,100,UA,M
2020,EX,CT,ML Engineer,100478,VND,126520,VN,0,FI,S
2022,EX,FL,Machine Learning Developer,176737,USD,153762,SV,50,CN,S
2020,MI,FT,Machine Learning Developer,180157,PLN,144703,PL,100,ID,S
2021,MI,PT,Machine Learning Developer,171101,EUR,188853,FR,100,ID,L
2021,EX,FT,Security Engineer,108326,RUB,182298,RU,50,BR,L
2021,EN,FT,Machine Learning Developer,202363,NAD,127671,NA,100,DE,M
2020,EX,CT,DevSecOps Engineer,104849,BRL,135847,BR,0,ID,S
2022,MI,FT,DevSecOps Engineer,168799,NAD,93089,NA,100,BR,M
2020,EN,PT,DevSecOps Engineer,140004,USD,162695,US,0,MK,L
2022,SE,FL,Head of Information Security,194976,IDR,138888,ID,100,JP,M
2020,MI,FL,Machine Learning Developer,176222,IDR,128102,ID,100,UZ,M
2020,MI,FL,Machine Learning Developer,87435,CNY,84265,CN,0,PH,S
2021,EN,CT,Professional Services Consultant,186657,RUB,189477,RU,100,CN,M
2022,EN,FT,ML Engineer,115251,EUR,127744,FR,0,PE,S
2020,MI,PT,Penetration Tester,206575,BRL,206321,BR,0,ID,M
2022,MI,FL,Professional Services Consultant,217919,EUR,188157,FR,100,UA,M
2021,EN,FT,ML Engineer,173755,IDR,157195,ID,50,PH,S
2022,MI,FT,IT Security Auditor,205238,IDR,151176,ID,50,IE,L
2020,EN,FT,ML Engineer,133803,CNY,121249,CN,50,TH,M
2021,MI,CT,Data Scientist,157630,COP,137634,CO,50,CO,L
2020,EX,FT,Professional Services Consultant,121043,PHP,101851,PH,100,RU,M
2022,MI,CT,Security Engineer,135852,IDR,213271,ID,50,CZ,S
2020,EX,CT,Data Scientist,172909,IDR,128374,ID,0,RU,S
2020,MI,PT,Professional Services Consultant,108528,PKR,169392,PK,50,CN,S
2021,EX,FL,Data Scientist,183153,USD,84246,US,50,RU,M
2021,EX,CT,Penetration Tester,175333,EUR,192725,FR,0,PH,M
2020,SE,PT,ML Engineer,125112,CZK,171634,CZ,0,AZ,S
2022,SE,CT,Head of Information Security,113223,EUR,186559,PT,0,PH,M
2021,EN,FT,Security Engineer,186861,PEN,130655,PE,0,RU,S
2021,EX,FL,IT Security Auditor,199163,KES,172068,KE,0,ID,M
2021,EN,FT,Data Scientist,194446,IDR,153588,ID,50,PK,S
2020,EX,CT,Head of Information Security,153745,SCR,157347,SC,0,PH,S
2020,MI,FL,DevSecOps Engineer,128116,PEN,116103,PE,0,MA,S
2020,EX,CT,IT Security Auditor,88948,UGX,94640,UG,50,PL,S
2022,EN,FT,Professional Services Consultant,177825,IDR,188883,ID,100,RU,S
2022,MI,CT,Head of Information Security,183701,HNL,184612,HN,100,ID,M
2020,MI,FT,DevSecOps Engineer,216502,EUR,156210,FR,0,NG,S
2021,MI,CT,Data Scientist,90806,IDR,156595,ID,0,PL,M
2020,MI,FT,ML Engineer,191520,IDR,171405,ID,50,PH,S
2022,MI,FT,Penetration Tester,204456,EUR,181209,GR,100,CN,M
2020,EN,FT,Head of Information Security,165576,EUR,169247,GR,0,CN,S
2021,EX,PT,ML Engineer,132131,PLN,88091,PL,0,CN,S
2020,EN,PT,Data Scientist,128444,EUR,81506,FR,0,UA,L
2022,SE,CT,IT Security Auditor,88938,EUR,124632,IE,50,ID,S
2021,SE,PT,Professional Services Consultant,186873,PHP,195664,PH,50,NC,M
2022,EX,FT,DevSecOps Engineer,212865,USD,167901,US,50,PH,S
2022,EN,FT,IT Security Auditor,120313,NGN,90903,NG,50,GE,S
2022,EX,FT,Penetration Tester,111095,RUB,178286,RU,50,PL,L
2021,MI,CT,ML Engineer,174519,TZS,191768,TZ,100,PH,M
2021,EX,FT,Security Engineer,203928,RUB,126082,RU,50,HU,L
2022,EN,FT,IT Security Auditor,162266,PHP,149145,PH,100,RU,L
2021,EX,CT,Security Engineer,152800,GYD,143893,GY,100,CA,S
2022,MI,PT,Machine Learning Developer,167637,CNY,217448,CN,100,CN,L
2020,EN,FL,Professional Services Consultant,212973,XOF,109101,TG,100,CN,L
2021,EN,FT,Machine Learning Developer,172772,SEK,107476,SE,50,PT,S
2020,EX,CT,DevSecOps Engineer,187445,KES,151477,KE,0,PH,M
2021,EX,PT,DevSecOps Engineer,161882,USD,184360,US,50,PH,S
2022,MI,FL,IT Security Auditor,157861,CRC,119949,CR,50,LI,L
2022,EX,PT,Security Engineer,125283,PHP,100198,PH,50,ID,M
2022,SE,CT,Professional Services Consultant,94376,CNY,147855,CN,0,SN,M
2022,MI,CT,IT Security Auditor,118618,PHP,197995,PH,0,CN,S
2021,SE,FL,Professional Services Consultant,167157,CAD,119970,CA,100,JP,S
2022,MI,FL,Professional Services Consultant,116055,CNY,117853,CN,50,CZ,L
2021,SE,FL,Professional Services Consultant,92850,PEN,145450,PE,50,LU,S
2021,MI,PT,Data Scientist,105008,RUB,206026,RU,50,MQ,S
2020,SE,CT,DevSecOps Engineer,213079,SEK,154577,SE,50,PK,M
2020,EX,FL,ML Engineer,134781,CNY,104562,CN,0,ZA,S
2020,MI,FT,ML Engineer,96870,CNY,195848,CN,100,ZM,M
2021,EN,PT,DevSecOps Engineer,109427,IDR,131542,ID,50,PL,L
2020,EN,FL,ML Engineer,176485,UAH,201740,UA,50,AR,M
2021,SE,FL,DevSecOps Engineer,123204,CNY,101922,CN,100,ID,M
2020,MI,CT,IT Security Auditor,187510,HKD,103822,HK,100,CN,M
2022,EX,FT,DevSecOps Engineer,92002,CZK,135215,CZ,50,CN,S
2022,EN,PT,IT Security Auditor,82153,PLN,119761,PL,0,BR,M
2021,MI,FT,DevSecOps Engineer,174471,CNY,129089,CN,0,HR,M
2020,SE,CT,Professional Services Consultant,103181,COP,175395,CO,100,PH,S
2022,EX,CT,IT Security Auditor,171532,COP,196835,CO,0,BY,M
2022,SE,FT,Machine Learning Developer,207095,CNY,177993,CN,100,FM,S
2020,EX,FL,Security Engineer,121611,EUR,211248,FR,100,US,L
2020,EN,FT,Machine Learning Developer,113050,BRL,217017,BR,100,PH,S
2021,EX,FL,ML Engineer,111791,BRL,217369,BR,0,CN,S
2021,SE,CT,Data Scientist,103328,COP,200661,CO,50,TN,L
2022,EX,FT,Head of Information Security,94657,EUR,125078,FI,0,FR,S
2022,MI,FT,Professional Services Consultant,197610,CNY,141949,CN,100,CN,M
2021,EX,PT,Head of Information Security,127569,SEK,212943,SE,100,CN,M
2022,SE,FL,Professional Services Consultant,195320,CNY,133835,CN,0,CZ,S
2022,MI,CT,Head of Information Security,164755,CNY,145335,CN,100,CN,M
2020,EX,CT,ML Engineer,120098,RUB,128971,RU,50,FR,M
2021,MI,CT,Machine Learning Developer,204840,CNY,218847,CN,50,ID,L
2020,EX,FT,ML Engineer,106066,GMD,189623,GM,100,ID,M
2022,EN,FL,Data Scientist,92935,UAH,165656,UA,0,PE,L
2022,EN,FT,Machine Learning Developer,202324,THB,103720,TH,100,CN,S
2020,EX,PT,Data Scientist,120940,ILS,159846,IL,50,PT,S
2020,SE,FL,Professional Services Consultant,208477,RSD,190645,RS,100,AR,S
2020,SE,FL,Machine Learning Developer,213764,EUR,191414,PT,0,ID,M
2020,MI,FT,Security Engineer,127739,CNY,119296,CN,50,EC,S
2020,EN,FL,Security Engineer,107172,CNY,103131,CN,0,RU,S
2020,EN,CT,Professional Services Consultant,191306,ZMW,93431,ZM,50,SY,S
2020,SE,FL,DevSecOps Engineer,129480,CNY,160011,CN,100,RU,M
2021,EN,PT,Security Engineer,147904,USD,137554,SV,50,SJ,M
2021,EX,CT,Head of Information Security,163307,CNY,218599,CN,100,SE,S
2021,MI,PT,IT Security Auditor,128490,BRL,132793,BR,0,CN,M
2020,MI,FT,Security Engineer,159747,THB,117208,TH,50,CN,M
2020,MI,FL,Machine Learning Developer,97499,CUP,174937,CU,0,NG,L
2021,EX,FL,Head of Information Security,125463,SEK,129026,SE,0,PL,S
2022,SE,CT,IT Security Auditor,189089,CNY,99515,CN,100,US,S
2020,SE,FT,Data Scientist,218211,CNY,118171,CN,50,ID,L
2022,EX,PT,Machine Learning Developer,117118,IDR,136411,ID,0,CN,S
2022,SE,FT,Data Scientist,95656,IDR,156310,ID,100,HN,M
2020,MI,FL,Machine Learning Developer,121950,NGN,108275,NG,50,BR,L
2021,EN,FL,DevSecOps Engineer,134318,RUB,139837,RU,50,PT,S
2022,MI,FT,Head of Information Security,212258,IDR,107177,ID,100,ID,S
2021,EN,CT,Penetration Tester,128668,EUR,97469,AT,100,PH,L
2022,SE,FL,ML Engineer,147309,MAD,178780,MA,100,SV,M
2021,MI,PT,ML Engineer,201832,BAM,165272,BA,0,IQ,M
2021,SE,PT,Head of Information Security,167581,NZD,147042,NZ,50,GT,M
2020,MI,FL,Head of Information Security,94509,SEK,88706,SE,50,NG,S
2021,EX,FT,Head of Information Security,160869,CNY,92453,CN,100,KZ,L
2021,SE,CT,DevSecOps Engineer,183093,VND,81392,VN,0,PH,M
2021,MI,FT,Security Engineer,86098,RUB,118960,RU,50,FI,L
2022,SE,PT,Head of Information Security,154238,CNY,103195,CN,0,PT,L
2021,SE,FT,Penetration Tester,100338,UAH,185311,UA,50,ID,L
2022,MI,CT,Security Engineer,128182,CNY,99165,CN,100,CO,S
2021,EX,FT,Penetration Tester,171491,TZS,203095,TZ,0,CN,M
2021,EN,CT,Machine Learning Developer,134711,LTL,111009,LT,100,VN,M
2020,EN,PT,Security Engineer,199589,PLN,206993,PL,50,CN,S
2021,MI,CT,Machine Learning Developer,195534,UAH,173086,UA,100,BR,M
2020,EX,PT,DevSecOps Engineer,88492,UAH,154307,UA,100,JP,L
2022,EN,FL,Professional Services Consultant,211710,IDR,188193,ID,50,PH,S
2021,SE,PT,Head of Information Security,120516,JPY,117399,JP,0,ID,L
2021,EX,PT,Professional Services Consultant,182892,EUR,136226,PT,50,CI,L
2020,EN,CT,IT Security Auditor,196766,EUR,177649,NL,0,UA,S
2020,SE,FT,ML Engineer,149402,BRL,153464,BR,50,JP,S
2020,EX,FT,Penetration Tester,103480,EUR,98410,SM,0,NL,S
2022,EN,FT,Penetration Tester,214617,PHP,189775,PH,100,KZ,L
2020,EX,FT,Security Engineer,106598,IDR,150075,ID,50,LA,S
2020,MI,CT,Data Scientist,193869,SEK,186145,SE,0,CZ,S
2021,EX,CT,Data Scientist,144746,BRL,121355,BR,50,CH,M
2021,MI,FT,Machine Learning Developer,106921,CNY,96182,CN,100,RU,M
2021,MI,PT,Professional Services Consultant,112637,PHP,109328,PH,50,CN,L
2022,EN,PT,Security Engineer,190745,BRL,108780,BR,100,JP,L
2022,EX,CT,IT Security Auditor,196238,MXN,174239,MX,50,RU,M
2021,EX,FL,Head of Information Security,192285,XAF,102370,TD,0,MN,L
2020,SE,PT,IT Security Auditor,122254,EUR,189077,PT,0,US,M
2021,EX,FT,Professional Services Consultant,137841,EUR,163679,EE,100,BG,S
2022,MI,FL,Head of Information Security,126291,IDR,102523,ID,0,CN,M
2022,EX,CT,IT Security Auditor,197746,IDR,213354,ID,50,HR,M
2022,MI,FL,Penetration Tester,201879,PEN,184098,PE,0,PT,L
2022,MI,CT,Data Scientist,117547,PEN,119036,PE,0,CN,L
2022,EN,FL,Security Engineer,86195,PLN,117219,PL,100,BA,S
2020,SE,PT,Data Scientist,131526,IDR,161819,ID,50,ID,S
2020,SE,FT,Machine Learning Developer,173309,IDR,94584,ID,50,CN,M
2020,EN,PT,Head of Information Security,187125,CNY,132142,CN,0,ET,M
2021,EX,FL,Data Scientist,133548,CNY,154256,CN,100,RU,S
2021,EN,FT,Professional Services Consultant,210576,MXN,160938,MX,100,PH,S
2021,EN,PT,Head of Information Security,123494,CNY,100924,CN,50,ID,L
2020,EN,FT,Professional Services Consultant,210165,KGS,121535,KG,100,DE,S
2022,SE,FT,Penetration Tester,148209,SEK,97563,SE,100,RS,L
2021,SE,PT,Penetration Tester,177077,EUR,192548,FR,50,CN,M
2022,MI,PT,DevSecOps Engineer,185888,ARS,131834,AR,0,AM,S
2022,EN,FT,DevSecOps Engineer,206014,IDR,146450,ID,50,ID,M
2022,EX,PT,Penetration Tester,184025,CNY,190886,CN,0,UA,L
2021,MI,FL,Penetration Tester,209121,THB,118799,TH,50,MZ,S
2022,SE,FT,IT Security Auditor,98145,YER,94306,YE,0,CN,L
2021,EN,FT,Security Engineer,121129,THB,112560,TH,50,MM,L
2021,SE,PT,Security Engineer,128775,CNY,99860,CN,50,NG,S
2022,SE,PT,Head of Information Security,178438,EUR,81399,FR,50,ES,M
2021,EX,CT,DevSecOps Engineer,200935,CAD,137899,CA,100,RU,S
2022,EN,FL,Professional Services Consultant,145574,IDR,90845,ID,50,AF,M
2020,MI,PT,ML Engineer,185065,YER,93809,YE,0,SE,L
2021,MI,FL,ML Engineer,95924,IDR,134557,ID,50,CO,S
2022,EX,FT,Data Scientist,195232,PHP,117986,PH,50,AZ,S
2020,MI,FL,Security Engineer,194947,IDR,118960,ID,50,CN,S
2022,EX,FT,Professional Services Consultant,98682,PLN,97058,PL,0,CN,L
2021,EN,FL,Data Scientist,112680,CNY,191092,CN,100,ID,M
2020,EX,FT,Machine Learning Developer,85495,UAH,214716,UA,0,LY,L
2021,EN,CT,IT Security Auditor,203596,NZD,200438,NZ,0,PH,M
2021,EX,FL,IT Security Auditor,138895,CNY,150876,CN,0,CN,M
2022,SE,FT,DevSecOps Engineer,184898,MUR,165454,MU,100,BR,M
2020,SE,CT,Data Scientist,213211,EUR,111832,FI,0,VN,M
2022,SE,FT,IT Security Auditor,108917,CNY,88726,CN,50,CN,M
2022,EN,FT,DevSecOps Engineer,86172,PLN,107777,PL,100,RU,L
2022,EN,PT,Head of Information Security,212373,VND,109513,VN,0,CN,L
2021,MI,PT,ML Engineer,127703,PHP,177403,PH,50,DO,M
2020,MI,CT,DevSecOps Engineer,92788,USD,188012,US,100,US,S
2022,SE,FT,IT Security Auditor,196809,EUR,115658,DE,50,RU,M
2020,EN,FL,ML Engineer,130909,RUB,194366,RU,100,CN,S
2022,EX,PT,Penetration Tester,104443,RUB,136424,RU,50,RU,L
2021,EN,PT,Machine Learning Developer,157783,IDR,107597,ID,0,CN,L
2020,EX,CT,Data Scientist,155453,EUR,148888,FR,100,EG,M
2021,EX,FL,Machine Learning Developer,216248,IDR,185846,ID,100,ID,L
2022,EN,CT,IT Security Auditor,126137,YER,180896,YE,100,CN,L
2021,EN,CT,Professional Services Consultant,167363,CNY,172667,CN,50,TH,L
2021,EN,FT,Security Engineer,81320,CNY,211289,CN,0,JP,M
2020,SE,CT,Head of Information Security,171893,EUR,95766,GR,50,CN,L
2021,MI,FL,ML Engineer,169205,ZMW,165259,ZM,100,ID,M
2020,MI,FL,DevSecOps Engineer,153599,CNY,87195,CN,50,BR,S
2021,EN,FT,Data Scientist,161312,EUR,218024,PT,0,CO,S
2020,MI,FT,ML Engineer,148595,BRL,83935,BR,50,ZM,L
2022,EX,CT,Penetration Tester,203849,PHP,141826,PH,50,JO,S
2021,SE,FL,Penetration Tester,120154,PLN,218392,PL,100,SE,L
2022,SE,FT,DevSecOps Engineer,207227,DOP,103753,DO,100,RU,M
2022,SE,FL,ML Engineer,147776,EUR,183820,FR,50,CI,S
2020,MI,FL,Head of Information Security,169343,CNY,193356,CN,50,FR,M
2022,EN,PT,Head of Information Security,88560,CNY,81526,CN,50,CN,S
2022,EX,FT,Security Engineer,130877,CNY,109919,CN,100,ID,S
2022,EX,CT,DevSecOps Engineer,145242,CNY,129300,CN,100,CN,L
2021,EX,FT,Penetration Tester,128143,CNY,181637,CN,50,CN,S
2020,SE,FT,Data Scientist,144548,EUR,188065,FR,50,PL,L
2020,MI,PT,Security Engineer,98483,IDR,111645,ID,0,GS,M
2021,EN,PT,DevSecOps Engineer,174109,COP,149251,CO,100,CN,S
2021,MI,CT,Professional Services Consultant,149097,CNY,162274,CN,100,AR,M
2021,SE,FL,Data Scientist,178891,SEK,128994,SE,100,RU,L
2020,MI,FL,Head of Information Security,120335,CNY,83782,CN,100,SI,M
2020,MI,FT,Data Scientist,114906,CNY,166767,CN,0,FR,S
2022,EX,PT,Penetration Tester,139349,GHS,165435,GH,100,BW,M
2021,EX,FT,ML Engineer,196812,IRR,140388,IR,50,BR,L
2020,EN,PT,DevSecOps Engineer,139571,PEN,198996,PE,0,CN,M
2020,MI,CT,Data Scientist,158554,COP,172634,CO,0,CR,S
2020,MI,FL,ML Engineer,155811,EUR,91797,NL,100,CN,S
2020,MI,CT,DevSecOps Engineer,175751,CNY,187423,CN,0,PT,L
2021,EN,CT,DevSecOps Engineer,197919,GBP,217589,GS,100,UG,M
2020,EN,FT,Head of Information Security,128732,CNY,103550,CN,100,ML,M
2020,SE,CT,ML Engineer,181518,EUR,88623,SI,100,PT,S
2021,MI,PT,Head of Information Security,109123,TJS,161811,TJ,100,ID,M
2021,SE,PT,IT Security Auditor,169294,AZN,159458,AZ,50,CN,M
2022,EX,CT,DevSecOps Engineer,153955,TZS,210681,TZ,100,PH,M
2021,EX,PT,Professional Services Consultant,177775,BRL,152643,BR,0,CN,S
2021,EX,PT,DevSecOps Engineer,178554,THB,146686,TH,50,CN,S
2021,SE,PT,Security Engineer,151923,CNY,174438,CN,50,PE,L
2022,SE,PT,IT Security Auditor,154191,PHP,88700,PH,0,MX,S
2022,SE,PT,Head of Information Security,104535,THB,202620,TH,0,PG,M
2021,EX,CT,Data Scientist,150078,USD,101769,US,100,ID,L
2022,EN,FL,Professional Services Consultant,179432,RUB,126098,RU,100,YE,L
2020,EX,CT,Penetration Tester,200956,BRL,214123,BR,0,KE,S
2020,SE,FT,Machine Learning Developer,138422,EUR,166143,PT,0,TJ,L
2021,EN,PT,ML Engineer,186525,CNY,95617,CN,0,CA,L
2022,EN,FL,Head of Information Security,81507,CNY,142973,CN,50,PT,L
2021,EX,FL,Data Scientist,179140,RUB,186842,RU,50,BR,M
2020,MI,FT,IT Security Auditor,111762,MMK,209734,MM,50,RU,S
2022,EN,PT,DevSecOps Engineer,121174,RUB,197440,RU,0,ID,L
2022,EN,PT,IT Security Auditor,174352,CNY,207333,CN,50,CN,S
2021,MI,FT,Security Engineer,198086,BRL,103367,BR,100,WS,L
2021,EN,PT,ML Engineer,158070,USD,86914,US,100,PH,M
2020,EX,CT,Penetration Tester,114014,PHP,203408,PH,50,PH,M
2021,EN,FL,Machine Learning Developer,182756,RUB,197320,RU,50,NI,M
2022,MI,CT,Data Scientist,138453,RUB,196745,RU,100,US,M
2020,SE,FT,ML Engineer,160786,IDR,204700,ID,0,CN,M
2022,EN,FL,Head of Information Security,214073,CNY,105999,CN,0,CN,L
2021,SE,CT,IT Security Auditor,147395,ARS,137370,AR,50,PT,L
2021,EN,FL,Security Engineer,198514,PHP,89043,PH,100,IR,S
2021,EN,PT,ML Engineer,171506,XAF,214736,CF,50,ID,M
2021,SE,FT,IT Security Auditor,91201,COP,151219,CO,0,TZ,M
2020,SE,PT,Professional Services Consultant,215128,IDR,181848,ID,100,ID,M
2020,MI,PT,IT Security Auditor,168106,CZK,129920,CZ,50,SE,S
2021,EN,CT,IT Security Auditor,180350,CNY,154778,CN,0,CN,S
2020,SE,FL,IT Security Auditor,112380,EUR,142743,FR,50,IL,L
2021,EN,FL,ML Engineer,175449,EUR,121499,PT,50,ID,S
2021,SE,PT,ML Engineer,110518,EUR,175391,NL,100,CZ,M
2022,EN,FT,Head of Information Security,125737,PLN,157111,PL,50,ID,L
2021,EX,FT,Machine Learning Developer,219236,CNY,80728,CN,50,BR,M
2021,MI,FL,ML Engineer,174303,JPY,181649,JP,50,ID,S
2022,SE,FT,Machine Learning Developer,142251,IDR,194914,ID,100,DO,M
2022,SE,FL,Professional Services Consultant,131486,UAH,201648,UA,0,BR,M
2021,EN,CT,Head of Information Security,170343,BRL,100552,BR,100,US,S
2021,EN,PT,Security Engineer,194532,NGN,118981,NG,50,IL,L
2022,MI,CT,DevSecOps Engineer,184129,CZK,113194,CZ,100,CN,S
2021,SE,FL,Security Engineer,157057,PHP,171907,PH,0,CN,S
2021,EN,CT,Machine Learning Developer,175135,BSD,105476,BS,50,ID,M
2020,EN,PT,ML Engineer,145781,VEF,134807,VE,0,CZ,L
2020,EN,PT,IT Security Auditor,170801,PHP,135348,PH,50,AR,S
2020,SE,FL,Data Scientist,118800,IDR,188819,ID,50,MN,M
2021,SE,FT,Penetration Tester,129930,CNY,209977,CN,50,US,M
2022,MI,PT,Data Scientist,175905,EUR,170871,NL,0,NO,S
2021,MI,PT,ML Engineer,110107,MGA,107098,MG,100,UA,M
2021,MI,CT,IT Security Auditor,118887,EUR,83874,GR,100,GH,S
2020,EN,FL,Machine Learning Developer,145041,PEN,195094,PE,50,BW,M
2020,EX,CT,Penetration Tester,205384,RUB,183744,RU,50,PE,M
2022,MI,FL,ML Engineer,194803,EUR,212158,PT,100,ID,L
2020,MI,FL,DevSecOps Engineer,180474,EUR,155376,FR,100,CN,S
2021,MI,FT,Data Scientist,215936,MGA,84115,MG,50,MT,L
2020,EX,CT,DevSecOps Engineer,201683,SEK,125624,SE,100,CA,S
2022,MI,PT,IT Security Auditor,196458,IDR,161225,ID,0,US,M
2021,EX,CT,Penetration Tester,130582,CRC,107274,CR,0,PH,L
2021,MI,FL,Machine Learning Developer,169369,CNY,127967,CN,100,TJ,M
2022,SE,FL,IT Security Auditor,157508,EUR,96100,GR,100,PE,S
2022,EX,CT,Penetration Tester,114187,PHP,159572,PH,50,FR,S
2021,EN,PT,Head of Information Security,151069,IDR,205481,ID,100,US,M
2020,SE,FL,Data Scientist,143681,BDT,82520,BD,50,CN,M
2022,EX,PT,DevSecOps Engineer,114646,CNY,130749,CN,0,ID,M
2020,MI,PT,Machine Learning Developer,194586,AFN,217263,AF,0,PE,L
2021,MI,PT,Professional Services Consultant,204487,MGA,219467,MG,50,BO,M
2020,SE,PT,Security Engineer,139119,SEK,181670,SE,100,CV,S
2021,EN,CT,Security Engineer,154579,PLN,94381,PL,100,MG,M
2022,SE,FL,Professional Services Consultant,213868,MGA,170188,MG,50,PE,M
2021,EN,FT,Data Scientist,180418,IDR,151427,ID,0,CN,M
2022,EX,FT,ML Engineer,207048,RUB,199392,RU,0,CN,S
2022,MI,PT,Data Scientist,185115,JPY,159319,JP,50,SE,M
2021,EN,PT,DevSecOps Engineer,182905,EUR,122570,SI,0,SE,S
2021,EN,FT,Head of Information Security,182439,BRL,111925,BR,0,GN,S
2022,MI,PT,Penetration Tester,174905,PYG,168823,PY,100,KP,L
2020,SE,PT,Penetration Tester,135766,SAR,216024,SA,0,GH,M
2021,SE,CT,Data Scientist,80435,CNY,131679,CN,0,SV,M
2022,EX,FT,Machine Learning Developer,90229,CNY,189439,CN,100,UG,M
2021,MI,CT,Professional Services Consultant,151092,CNY,153902,CN,50,JP,S
2021,SE,FL,IT Security Auditor,213293,RUB,154190,RU,50,CR,L
2020,SE,PT,Data Scientist,134723,IDR,92067,ID,0,HN,L
2020,EN,PT,Penetration Tester,115937,RUB,129354,RU,100,CN,L
2020,MI,FT,ML Engineer,164860,PHP,159031,PH,0,CN,S
2020,SE,PT,Data Scientist,89029,CNY,214859,CN,50,FR,L
2022,EN,FL,DevSecOps Engineer,151713,CNY,170263,CN,50,CN,S
2021,MI,CT,DevSecOps Engineer,159270,MAD,89061,MA,50,YE,M
2022,EN,FT,Head of Information Security,135539,EUR,202298,FR,100,ID,M
2021,EX,FL,DevSecOps Engineer,213279,CNY,90757,CN,0,PT,S
2020,EX,FL,Head of Information Security,213876,USD,87204,US,0,TH,S
2020,EN,CT,DevSecOps Engineer,205301,RUB,203630,RU,100,JP,L
2020,MI,CT,ML Engineer,188591,ZAR,94298,ZA,50,SE,L
2021,EN,PT,Professional Services Consultant,210972,CNY,188652,CN,50,ID,M
2021,EN,CT,DevSecOps Engineer,190176,CAD,149591,CA,0,HT,M
2022,EX,FT,Professional Services Consultant,146852,IDR,201842,ID,50,BR,L
2021,EX,FT,Penetration Tester,202331,CNY,166117,CN,100,BY,M
2021,EN,FT,Penetration Tester,152137,EUR,169259,GR,100,TZ,S
2020,EX,FT,Professional Services Consultant,101753,EUR,136977,IE,100,UA,M
2022,EN,FT,Head of Information Security,195510,MYR,90876,MY,50,RU,M
2022,EX,FL,IT Security Auditor,166214,PHP,90175,PH,0,DO,M
2020,SE,FT,IT Security Auditor,174730,CNY,185687,CN,50,PT,M
2020,SE,FL,Professional Services Consultant,195496,UAH,92937,UA,50,CZ,S
2021,SE,CT,ML Engineer,107597,EUR,210179,NL,50,TH,S
2021,EX,CT,ML Engineer,84491,SYP,170931,SY,100,TH,L
2021,MI,FL,Machine Learning Developer,87580,PLN,86340,PL,100,PT,L
2022,EX,PT,DevSecOps Engineer,131872,PKR,84500,PK,50,UA,M
2020,EX,PT,Data Scientist,181183,THB,116786,TH,0,PH,L
2022,EN,FL,DevSecOps Engineer,196051,CNY,186981,CN,100,PH,S
2021,SE,CT,IT Security Auditor,143533,CNY,186138,CN,50,CL,L
2020,SE,FL,Professional Services Consultant,179075,SYP,186177,SY,50,AR,S
2022,SE,FL,Machine Learning Developer,176700,EUR,86326,IT,100,JP,M
2022,SE,FT,Machine Learning Developer,152997,UAH,198855,UA,100,AM,L
2020,EN,FT,Professional Services Consultant,207992,ANG,211731,CW,100,CN,M
2021,EN,PT,DevSecOps Engineer,86772,PHP,101305,PH,0,RU,L
2022,EN,CT,IT Security Auditor,138440,IDR,118925,ID,50,PH,L
2021,SE,PT,DevSecOps Engineer,199446,BRL,113518,BR,50,CO,S
2021,EN,PT,Head of Information Security,156445,LAK,204974,LA,100,CO,S
2020,EN,FL,DevSecOps Engineer,216092,EUR,200489,ES,50,CN,M
2020,EX,PT,Penetration Tester,185228,CNY,99559,CN,0,GT,L
2022,MI,FL,IT Security Auditor,166759,COP,160858,CO,50,RU,L
2020,SE,FT,IT Security Auditor,118103,EUR,161950,PT,0,MX,L
2020,MI,FL,Head of Information Security,215765,ZMW,120641,ZM,50,CN,L
2022,EN,PT,IT Security Auditor,199300,NIO,208681,NI,100,BR,M
2022,EN,FL,Data Scientist,92005,COP,123231,CO,0,JP,S
2020,EX,CT,Security Engineer,184467,IDR,80448,ID,50,MY,L
2020,EN,CT,Head of Information Security,83404,PHP,211506,PH,0,NP,L
2021,SE,FT,Data Scientist,205240,IDR,119222,ID,0,AR,M
2022,MI,FL,IT Security Auditor,156749,DOP,215623,DO,50,CN,M
2021,SE,FT,Security Engineer,134770,ALL,180086,AL,50,ID,S
2022,SE,FT,Security Engineer,107634,JPY,154470,JP,100,FR,L
2022,EX,PT,Penetration Tester,90309,PHP,172365,PH,50,GR,L
2021,EN,FL,DevSecOps Engineer,97670,VND,163549,VN,100,ID,L
2020,SE,CT,Data Scientist,173662,IDR,100686,ID,100,PE,S
2020,EX,FL,Machine Learning Developer,140420,ARS,192604,AR,0,CN,S
2020,EX,PT,IT Security Auditor,177855,BRL,140772,BR,0,RU,M
2022,SE,FT,DevSecOps Engineer,161884,THB,213165,TH,0,PL,M
2021,EN,FL,Professional Services Consultant,126862,IDR,153336,ID,100,CN,L
2021,SE,PT,ML Engineer,131349,ARS,96440,AR,0,FR,M
2020,SE,PT,Machine Learning Developer,87007,CNY,81370,CN,50,CN,S
2021,SE,FT,Penetration Tester,177543,RUB,182012,RU,100,CO,L
2021,EX,FT,IT Security Auditor,131226,USD,132997,US,0,PH,S
2021,EX,FT,DevSecOps Engineer,153465,ZMW,201661,ZM,50,GH,S
2022,MI,FT,Machine Learning Developer,193121,USD,159975,US,50,IR,M
2021,EN,PT,ML Engineer,135017,PHP,179384,PH,0,CN,S
2020,SE,FT,Machine Learning Developer,176995,BGN,105902,BG,0,PA,M
2021,EX,PT,ML Engineer,206561,MXN,98892,MX,100,CN,S
2021,MI,FL,Security Engineer,123615,JPY,218054,JP,50,AZ,S
2020,EN,FT,IT Security Auditor,84400,IDR,180904,ID,50,PH,M
2022,EN,CT,Head of Information Security,114415,CNY,194395,CN,100,UA,M
2020,SE,FL,ML Engineer,155845,CZK,175047,CZ,50,FR,S
2020,SE,PT,Professional Services Consultant,181229,ALL,88684,AL,50,SE,M
2021,SE,FT,Head of Information Security,215357,CNY,187060,CN,0,CN,M
2021,EN,FL,Penetration Tester,142141,EUR,124318,FR,50,CN,L
2021,EX,PT,DevSecOps Engineer,132201,IDR,92859,ID,50,CN,S
2020,SE,PT,Data Scientist,198033,PLN,188815,PL,50,SE,S
2020,MI,FT,IT Security Auditor,151581,SYP,160318,SY,50,PH,L
2022,MI,PT,Security Engineer,125861,YER,144505,YE,100,GR,S
2020,EX,CT,IT Security Auditor,82664,CNY,152943,CN,0,BY,M
2020,MI,CT,IT Security Auditor,189871,ARS,184161,AR,100,FI,S
2022,EN,CT,Security Engineer,175039,XCD,115094,VC,100,JP,S
2020,EX,PT,Penetration Tester,136427,RUB,197549,RU,0,PL,S
2020,SE,FT,ML Engineer,128009,CZK,123815,CZ,50,ME,L
2020,SE,FT,Penetration Tester,145440,UAH,144858,UA,50,NE,S
2020,MI,FL,Penetration Tester,184451,SEK,136295,SE,0,ID,S
2021,SE,CT,Data Scientist,185351,CNY,121639,CN,50,UA,L
2022,MI,CT,DevSecOps Engineer,155784,CNY,147036,CN,100,BR,S
2021,SE,PT,Head of Information Security,186513,RUB,159256,RU,0,PE,L
2021,EN,FL,Penetration Tester,126682,CAD,140773,CA,50,PL,S
2021,SE,FL,DevSecOps Engineer,159430,EUR,190900,PT,50,CN,M
2022,EX,CT,IT Security Auditor,109826,PHP,201250,PH,100,BR,M
2022,EN,CT,IT Security Auditor,189850,IDR,121502,ID,0,HN,L
2021,MI,PT,Data Scientist,119070,CNY,117295,CN,100,US,M
2021,SE,FT,Machine Learning Developer,88106,IDR,160356,ID,50,CN,L
2021,EN,PT,IT Security Auditor,106103,BDT,128495,BD,50,AR,L
2022,SE,PT,Head of Information Security,199290,BDT,118380,BD,50,CN,M
2020,EN,CT,Penetration Tester,116806,CNY,180476,CN,0,ID,L
2022,MI,CT,Data Scientist,124704,CNY,171984,CN,50,US,L
2021,MI,PT,Security Engineer,146290,UAH,197108,UA,0,CN,M
2020,MI,FT,Machine Learning Developer,105742,EGP,134074,EG,50,PH,M
2020,EN,PT,Professional Services Consultant,182221,EUR,92300,IE,100,UZ,M
2020,SE,CT,Penetration Tester,135110,RUB,80751,RU,100,EG,S
2022,EX,CT,Penetration Tester,161027,BAM,166713,BA,100,NO,S
2022,MI,FT,IT Security Auditor,116282,EUR,82773,PT,100,SE,L
2022,EX,FL,Head of Information Security,100070,RUB,118873,RU,0,RU,M
2021,SE,PT,Data Scientist,133419,PHP,120651,PH,0,RU,M
2021,EN,FL,Data Scientist,196203,VND,96900,VN,50,ES,S
2022,MI,CT,ML Engineer,106877,CNY,87492,CN,100,GR,M
2022,MI,FL,Penetration Tester,200723,CNY,219866,CN,100,CN,S
2021,SE,FL,DevSecOps Engineer,151858,NIO,169158,NI,100,KM,M
2022,SE,PT,IT Security Auditor,184759,IDR,166470,ID,0,FI,M
2020,EX,CT,Head of Information Security,185060,USD,217107,EC,0,PL,M
2022,SE,FL,Data Scientist,165016,CNY,177280,CN,0,ID,M
2020,EN,FT,IT Security Auditor,215235,PEN,131370,PE,100,BR,S
2022,EN,CT,Head of Information Security,178279,EUR,197111,PT,0,NG,S
2020,EN,FT,Penetration Tester,120641,MNT,177970,MN,50,CN,L
2022,EN,FT,ML Engineer,134656,ILS,157200,PS,0,PS,S
2022,MI,CT,Head of Information Security,82314,RUB,152895,RU,50,EC,L
2022,MI,CT,DevSecOps Engineer,139116,EUR,115086,PT,50,CN,S
2020,MI,PT,ML Engineer,105869,EUR,161611,FR,0,PT,S
2020,EX,FL,DevSecOps Engineer,152801,TTD,99833,TT,100,BR,M
2021,SE,PT,Penetration Tester,163893,PLN,127996,PL,50,FR,M
2021,MI,FT,Professional Services Consultant,97037,THB,145962,TH,100,BY,M
2022,MI,FL,Head of Information Security,104282,EUR,135982,FR,100,ID,L
2021,EX,PT,Penetration Tester,159038,CNY,157872,CN,50,CN,S
2021,MI,FL,Penetration Tester,167648,RUB,146966,RU,50,CA,M
2020,SE,FT,Security Engineer,160686,IDR,116671,ID,50,BR,L
2021,EX,FT,Head of Information Security,124103,CNY,132912,CN,100,IE,M
2020,SE,CT,Machine Learning Developer,192780,EUR,136615,FR,0,HN,L
2021,EX,FL,Security Engineer,216948,SEK,109277,SE,50,ID,L
2021,EN,FL,Penetration Tester,207516,HNL,196279,HN,50,MN,M
2022,SE,PT,Penetration Tester,165614,LTL,216789,LT,0,ID,S
2021,MI,FT,Data Scientist,218892,RSD,178499,RS,50,ID,L
2021,MI,CT,Head of Information Security,144246,CNY,192551,CN,100,RU,S
2022,SE,FT,Security Engineer,170320,YER,145009,YE,100,CL,S
2022,SE,FL,ML Engineer,110104,CNY,126156,CN,50,CN,S
2022,SE,FT,Security Engineer,194434,VND,142710,VN,50,MN,S
2022,EN,FL,DevSecOps Engineer,155426,USD,206465,US,0,ID,S
2020,SE,FT,Data Scientist,130905,CNY,218913,CN,50,CL,L
2020,EX,PT,Security Engineer,156918,PLN,122421,PL,50,UG,M
2020,EN,FL,Head of Information Security,200612,RUB,169777,RU,50,US,L
2022,EX,PT,Data Scientist,170417,KES,156348,KE,0,PL,S
2020,SE,PT,IT Security Auditor,130673,PHP,147495,PH,50,GR,M
2021,SE,FL,Head of Information Security,154430,JOD,156525,JO,0,FR,M
2022,SE,CT,Data Scientist,95997,CNY,125162,CN,0,FR,S
2021,EN,FL,Head of Information Security,146051,LYD,134217,LY,50,PH,S
2021,EN,FL,IT Security Auditor,170190,ETB,168566,ET,0,ID,L
2021,SE,FT,Security Engineer,185003,EUR,80339,LV,50,CN,M
2021,EX,FL,Penetration Tester,214410,JOD,113777,JO,50,MX,S
2021,EX,CT,Machine Learning Developer,150837,RSD,98446,RS,100,CN,M
2022,MI,PT,IT Security Auditor,165482,KES,175322,KE,50,CZ,M
2021,EX,FL,ML Engineer,216339,PHP,80851,PH,0,CA,S
2021,MI,FL,DevSecOps Engineer,190906,MWK,140113,MW,50,PL,M
2020,EX,FL,Security Engineer,89365,CNY,158312,CN,50,CN,L
2020,EX,FT,IT Security Auditor,131961,BRL,183505,BR,100,CN,M
2022,EN,FL,ML Engineer,174203,PHP,218719,PH,50,RU,S
2021,EX,PT,Penetration Tester,193454,CNY,152661,CN,0,US,L
2021,MI,FL,ML Engineer,131352,CNY,204318,CN,50,CN,S
2022,MI,FT,Machine Learning Developer,199577,BRL,185382,BR,50,PS,S
2022,EN,PT,Security Engineer,169066,USD,143668,PW,50,CN,L
2021,EN,FT,Data Scientist,204539,PLN,114530,PL,50,CO,L
2022,SE,CT,Professional Services Consultant,188194,SOS,207584,SO,100,ID,L
2021,EX,PT,Head of Information Security,179179,RUB,189588,RU,50,US,L
2021,EX,CT,DevSecOps Engineer,124885,CNY,192275,CN,0,WS,S
2021,EN,FL,DevSecOps Engineer,174410,CNY,159795,CN,100,CA,M
2022,SE,CT,IT Security Auditor,137338,JPY,180447,JP,100,PT,L
2022,EN,CT,ML Engineer,112613,KZT,126866,KZ,50,CN,M
2020,SE,PT,Penetration Tester,185742,PEN,96671,PE,100,BR,M
2020,EX,FL,ML Engineer,103401,BYR,188316,BY,0,PS,L
2021,MI,FT,Penetration Tester,190783,USD,118836,US,50,ET,S
2020,EN,CT,Professional Services Consultant,142887,VND,158860,VN,0,MW,L
2022,MI,PT,Head of Information Security,135469,BRL,89920,BR,100,CN,S
2022,SE,FL,Security Engineer,143975,USD,80239,US,50,IE,L
2020,EN,FL,IT Security Auditor,162257,XOF,161842,BF,100,SA,M
2021,MI,CT,DevSecOps Engineer,165123,CNY,181692,CN,0,PH,L
2022,SE,FL,Head of Information Security,158767,NGN,88550,NG,50,CA,M
2022,MI,FL,Head of Information Security,105001,SEK,121325,SE,50,PK,S
2022,SE,PT,Head of Information Security,154852,RUB,131353,RU,0,BR,S
2021,SE,CT,ML Engineer,214117,IDR,107247,ID,0,CU,M
2020,EX,PT,Security Engineer,211003,EUR,127664,PT,50,CZ,M
2022,SE,PT,Security Engineer,173839,EUR,124611,CY,0,AR,L
2020,EN,FT,Professional Services Consultant,100380,PLN,182347,PL,0,CR,L
2021,EN,PT,IT Security Auditor,115678,JPY,174009,JP,0,LT,M
2022,EN,FT,IT Security Auditor,175708,CNY,200625,CN,100,CN,S
2020,MI,CT,Head of Information Security,183604,CNY,113017,CN,0,ID,S
2022,SE,FT,Head of Information Security,111650,IDR,129201,ID,0,CO,M
2020,EN,FL,Data Scientist,135610,XAF,164246,CG,50,BG,M
2022,SE,FT,Penetration Tester,182478,PHP,163716,PH,0,JP,M
2021,MI,CT,Penetration Tester,118041,PKR,131754,PK,100,FR,S
2020,EN,CT,Head of Information Security,89785,CAD,178390,CA,50,TF,M
2021,EN,PT,Penetration Tester,115560,USD,97899,SV,50,CN,M
2020,SE,FL,Penetration Tester,217990,GBP,155876,GB,0,PK,S
2021,EX,FT,Machine Learning Developer,183596,EUR,102291,SM,100,CN,L
2022,EX,FT,Data Scientist,195275,EUR,139985,LU,100,GR,M
2020,EX,PT,IT Security Auditor,185470,NGN,122338,NG,100,PL,S
2021,SE,CT,Professional Services Consultant,148316,JPY,213641,JP,50,JP,M
2020,EN,PT,ML Engineer,215624,CAD,88179,CA,100,BR,M
2022,EN,PT,Security Engineer,117905,GTQ,148317,GT,50,PH,S
2021,EN,CT,Head of Information Security,209809,IDR,165004,ID,50,CN,S
2022,EN,PT,ML Engineer,173481,CNY,134240,CN,100,CZ,L
2020,MI,PT,Penetration Tester,199302,COP,156076,CO,100,ID,S
2022,EN,FT,DevSecOps Engineer,211913,IDR,135288,ID,50,JP,M
2022,MI,FT,ML Engineer,175385,CNY,187076,CN,50,NG,S
2022,MI,FT,ML Engineer,135428,CNY,113058,CN,0,DK,S
2021,MI,FT,Machine Learning Developer,194080,BRL,131072,BR,100,ID,L
2022,SE,FT,Security Engineer,197984,EUR,205174,PT,50,BY,S
2022,EX,PT,Head of Information Security,145224,BRL,166594,BR,0,HR,L
2022,MI,FT,Security Engineer,206346,IDR,172772,ID,50,PE,M
2020,EX,FT,ML Engineer,193590,ILS,202602,PS,50,MM,M
2020,SE,CT,Professional Services Consultant,81482,PKR,100452,PK,50,GN,L
2021,SE,CT,Machine Learning Developer,97569,EUR,110107,PT,100,SI,M
2022,SE,CT,DevSecOps Engineer,161714,GBP,157144,GB,50,PH,S
2021,MI,FL,Professional Services Consultant,141323,CZK,101154,CZ,100,PE,L
2020,EX,PT,IT Security Auditor,96724,JPY,177922,JP,50,US,L
2021,EX,CT,IT Security Auditor,138087,RSD,122638,RS,100,TH,M
2022,MI,PT,ML Engineer,172326,PHP,118936,PH,100,PL,S
2021,EX,CT,Professional Services Consultant,161179,PLN,110388,PL,50,PE,L
2020,EX,FL,IT Security Auditor,190517,USD,130615,SV,0,SA,M
2021,EN,CT,Security Engineer,186975,RUB,153570,RU,0,PH,S
2020,MI,FL,Data Scientist,101520,IDR,178856,ID,50,CN,M
2022,SE,FL,IT Security Auditor,215622,NIO,80274,NI,100,BJ,M
2021,MI,FT,Head of Information Security,178064,HTG,188726,HT,100,ID,S
2021,EN,FL,Machine Learning Developer,202111,ZAR,129052,ZA,100,CN,M
2022,EN,FL,Data Scientist,196688,PHP,182933,PH,0,CN,M
2022,SE,PT,Data Scientist,100988,CNY,104250,CN,100,SE,L
2022,EN,FT,Machine Learning Developer,98600,CNY,159964,CN,0,ID,M
2021,MI,FL,Data Scientist,125261,IDR,206972,ID,0,SY,L
2020,SE,FT,DevSecOps Engineer,144062,RUB,176171,RU,0,DK,S
2022,EN,FL,ML Engineer,144510,USD,95895,US,50,BR,S
2021,MI,CT,IT Security Auditor,124549,SEK,187221,SE,0,CN,M
2022,SE,PT,DevSecOps Engineer,121594,THB,143468,TH,100,ID,L
2020,EX,FT,Data Scientist,189600,PHP,168426,PH,0,SE,L
2021,SE,FT,Penetration Tester,114610,XAF,104041,TD,0,PE,M
2020,EX,FL,Professional Services Consultant,93698,PEN,198860,PE,0,BR,M
2020,SE,PT,Security Engineer,206168,GBP,108459,GB,100,CN,S
2021,SE,PT,Security Engineer,137252,EUR,92574,PT,100,CN,M
2020,EN,PT,ML Engineer,168148,ARS,153369,AR,100,AF,S
2021,EN,FL,Professional Services Consultant,163906,RUB,114000,RU,100,CN,M
2021,EX,FT,Data Scientist,197476,PHP,152320,PH,100,PE,M
2020,EX,FL,ML Engineer,85014,PHP,82019,PH,50,KZ,M
2022,SE,CT,Security Engineer,132509,CNY,167217,CN,100,CN,M
2021,MI,CT,Penetration Tester,207366,KHR,126324,KH,50,ID,S
2021,SE,FT,Head of Information Security,162230,THB,98109,TH,0,PE,L
2021,EX,FL,Security Engineer,214398,UAH,186234,UA,50,GR,M
2022,SE,FL,DevSecOps Engineer,102151,PHP,100364,PH,100,JP,L
2020,SE,FL,Head of Information Security,102320,RUB,211209,RU,50,AS,L
2021,EN,FT,Machine Learning Developer,169856,CNY,212780,CN,50,CN,S
2021,MI,PT,DevSecOps Engineer,103471,CNY,123211,CN,0,PK,S
2020,SE,CT,Security Engineer,112637,IDR,87540,ID,50,CO,L
2021,EN,PT,Head of Information Security,178852,KZT,173269,KZ,0,PH,M
2022,EX,FT,ML Engineer,107938,SEK,168341,SE,100,VE,L
2021,EX,CT,Data Scientist,209279,BRL,82145,BR,50,PL,M
2022,SE,CT,Security Engineer,177808,RUB,125738,RU,50,TH,S
2022,SE,PT,Data Scientist,127610,RUB,153369,RU,50,ID,S
2020,EN,CT,Penetration Tester,114194,ARS,209149,AR,0,MY,L
2020,SE,FL,Head of Information Security,111804,EUR,153081,NL,100,ID,S
2021,EN,CT,DevSecOps Engineer,173193,CNY,80104,CN,0,ID,M
2022,EN,PT,DevSecOps Engineer,130542,SEK,91914,SE,0,PH,S
2022,EN,PT,IT Security Auditor,138444,MYR,115154,MY,50,CO,S
2020,MI,FL,Head of Information Security,212170,CNY,148913,CN,50,SE,L
2022,EX,FT,IT Security Auditor,202217,AZN,98950,AZ,0,FR,L
2022,EN,CT,Data Scientist,132852,IDR,176930,ID,50,CN,M
2021,EN,FL,Machine Learning Developer,120563,UAH,192026,UA,50,CZ,L
2021,MI,CT,IT Security Auditor,177703,SEK,178791,SE,100,PL,L
2022,EX,FT,Data Scientist,92060,CNY,158520,CN,0,RU,L
2021,MI,FL,Data Scientist,212486,MNT,112951,MN,100,VE,S
2022,EN,FT,Professional Services Consultant,189058,IDR,180175,ID,100,CZ,L
2022,SE,CT,Data Scientist,141452,CNY,85436,CN,0,ID,M
2022,EN,CT,Professional Services Consultant,167619,CNY,177688,CN,100,AM,M
2021,EN,PT,IT Security Auditor,199812,LTL,127316,LT,50,PT,L
2021,MI,PT,Professional Services Consultant,88918,USD,144768,MH,100,RU,M
2020,MI,CT,Penetration Tester,148392,CNY,81967,CN,0,SE,M
2021,SE,CT,Head of Information Security,91001,RUB,200824,RU,100,RU,L
2021,EX,PT,Machine Learning Developer,80754,IDR,135655,ID,100,TJ,L
2020,EN,CT,Machine Learning Developer,172976,CNY,179044,CN,100,GB,M
2020,SE,CT,IT Security Auditor,125272,CNY,167210,CN,100,CN,M
2020,EN,FT,Professional Services Consultant,80905,CAD,118142,CA,100,ID,M
2022,SE,FT,Security Engineer,147488,CNY,104076,CN,100,CN,S
2022,EN,PT,DevSecOps Engineer,196410,CNY,114293,CN,100,PT,L
2020,MI,FL,DevSecOps Engineer,201797,LYD,169199,LY,100,GP,S
2022,EN,FL,Professional Services Consultant,128102,ETB,105712,ET,50,BR,M
2021,SE,CT,Head of Information Security,143554,RUB,210330,RU,100,PH,S
2020,EX,FT,Head of Information Security,188455,RUB,133826,RU,0,YE,L
2021,SE,FT,IT Security Auditor,132918,ZAR,153682,ZA,0,ID,L
2021,MI,FL,DevSecOps Engineer,134371,CNY,193032,CN,50,CN,M
2020,EN,FL,ML Engineer,158881,KMF,171956,KM,100,ID,S
2020,EX,PT,Data Scientist,83783,JPY,155533,JP,100,ID,M
2020,SE,CT,Professional Services Consultant,117527,IDR,206975,ID,0,FR,M
2021,SE,CT,DevSecOps Engineer,95325,RUB,155926,RU,0,CM,S
2022,SE,FT,Professional Services Consultant,190348,CNY,174566,CN,0,MN,S
2021,SE,FL,Head of Information Security,135313,CNY,118061,CN,100,CN,M
2020,EX,FT,Penetration Tester,190595,CNY,103483,CN,50,PH,M
2020,EX,PT,ML Engineer,187670,SEK,207631,SE,0,CN,M
2022,EX,FT,Data Scientist,81259,CNY,160326,CN,50,BA,M
2020,SE,PT,Security Engineer,126669,PLN,180409,PL,100,SE,M
2022,SE,CT,Professional Services Consultant,88640,IDR,108999,ID,0,CN,M
2022,MI,FT,IT Security Auditor,105989,NPR,218460,NP,50,PH,S
2020,EN,FL,ML Engineer,218510,LRD,212044,LR,100,ID,M
2021,EX,CT,Machine Learning Developer,140685,MXN,182559,MX,50,RU,M
2022,SE,FL,Security Engineer,201960,EUR,178942,ES,0,RU,L
2022,MI,FT,Professional Services Consultant,144522,UAH,85438,UA,100,HN,L
2020,SE,PT,Head of Information Security,120126,MXN,157958,MX,100,US,S
2021,SE,FL,Penetration Tester,192994,USD,110092,EC,50,CN,M
2020,MI,PT,Professional Services Consultant,201767,RUB,139629,RU,100,PE,S
2020,SE,PT,Security Engineer,110204,IDR,207609,ID,0,CN,L
2020,EX,FT,Professional Services Consultant,128771,RUB,214758,RU,50,MY,M
2022,EN,PT,ML Engineer,82825,MXN,125151,MX,50,CN,M
2021,SE,CT,ML Engineer,83767,CNY,143594,CN,100,BR,S
2021,MI,CT,Data Scientist,97046,USD,115360,EC,100,PH,L
2020,SE,PT,DevSecOps Engineer,138489,EUR,197636,PT,0,PT,S
2021,MI,PT,Security Engineer,122574,MRO,95232,MR,50,AR,L
2020,SE,FT,Data Scientist,173408,IDR,82817,ID,100,ID,L
2021,EN,FT,Professional Services Consultant,104665,SEK,110931,SE,0,PL,S
2020,SE,CT,Data Scientist,98480,RUB,157210,RU,100,CN,M
2022,EN,FL,Security Engineer,190673,THB,148602,TH,100,CN,S
2021,EX,PT,Data Scientist,214273,PLN,106978,PL,50,ID,L
2020,MI,FL,Security Engineer,141150,RUB,103528,RU,50,US,M
2021,EN,FL,IT Security Auditor,80953,PHP,124155,PH,50,UZ,S
2021,MI,PT,Head of Information Security,115785,RUB,129851,RU,0,US,S
2021,MI,CT,Security Engineer,142627,THB,126408,TH,100,PL,M
2022,EN,CT,IT Security Auditor,219398,PHP,190504,PH,0,BR,L
2020,MI,PT,ML Engineer,94938,CUP,98617,CU,50,PL,S
2022,EN,FL,IT Security Auditor,96788,BDT,203909,BD,100,PK,S
2022,EN,PT,Security Engineer,143684,BRL,132491,BR,0,US,L
2020,MI,PT,Security Engineer,94912,CZK,152651,CZ,100,UA,S
2020,EX,PT,Head of Information Security,166093,IDR,165133,ID,0,CN,L
2022,MI,FL,ML Engineer,210531,PHP,88182,PH,50,AM,S
2022,EN,PT,Penetration Tester,105958,CNY,85968,CN,100,JP,L
2022,SE,PT,Penetration Tester,211760,EUR,171494,GR,0,BQ,S
2021,SE,FT,IT Security Auditor,168133,PLN,92555,PL,100,MA,L
2022,EX,FL,Machine Learning Developer,153698,RUB,211738,RU,100,GR,S
2021,EX,FT,ML Engineer,138244,CZK,213831,CZ,100,BY,L
2022,SE,PT,Penetration Tester,192363,PHP,104235,PH,0,KG,L
2021,EN,PT,Machine Learning Developer,122723,IDR,200802,ID,100,VN,L
2020,MI,FL,ML Engineer,124142,PHP,161813,PH,100,SE,L
2021,SE,FT,Security Engineer,151318,CNY,90871,CN,50,CN,S
2021,EN,PT,Professional Services Consultant,111173,HNL,143173,HN,50,KZ,M
2022,EN,CT,ML Engineer,161892,SEK,165446,SE,50,CN,S
2020,MI,CT,Machine Learning Developer,190282,EUR,88020,GR,0,SE,M
2021,EN,PT,Security Engineer,204653,CNY,149289,CN,100,CN,L
2022,MI,FL,Professional Services Consultant,130733,CNY,179830,CN,50,SY,M
2020,EX,CT,IT Security Auditor,82606,GTQ,174775,GT,100,CN,L
2022,MI,FL,Penetration Tester,113872,EUR,149450,GR,100,EC,S
2020,EN,FL,Professional Services Consultant,172037,CNY,139543,CN,100,CN,S
2021,EX,FL,IT Security Auditor,108947,YER,151526,YE,0,ID,M
2022,SE,FL,ML Engineer,127933,PEN,189270,PE,50,ID,S
2022,EX,FL,ML Engineer,174143,IDR,180433,ID,100,CO,S
2020,SE,FT,Penetration Tester,85168,CNY,147141,CN,50,PT,S
2021,SE,FL,Head of Information Security,171329,EUR,171364,PT,50,PH,S
2022,EN,FT,Security Engineer,107156,CNY,185585,CN,100,RU,M
2020,MI,FL,Machine Learning Developer,194517,BSD,148967,BS,50,CN,M
2022,EN,FL,Head of Information Security,121127,NGN,178349,NG,100,ID,L
2022,MI,FL,Head of Information Security,161606,SEK,113707,SE,100,RU,L
2020,SE,FL,Machine Learning Developer,196196,ILS,106297,PS,50,SE,M
2022,SE,CT,Penetration Tester,100761,IDR,153952,ID,0,EC,S
2022,SE,CT,Security Engineer,118128,JPY,143733,JP,0,MU,S
2021,EX,PT,Security Engineer,173758,ETB,89942,ET,0,ID,M
2021,SE,PT,Head of Information Security,127903,PLN,145818,PL,100,CZ,L
2022,SE,PT,DevSecOps Engineer,170243,CNY,139988,CN,0,AR,L
2022,MI,FT,Data Scientist,195499,AFN,197496,AF,50,BR,L
2021,EX,FL,Data Scientist,193328,CNY,163811,CN,50,ID,S
2020,EX,FL,ML Engineer,206842,CNY,195946,CN,50,KZ,L
2022,EX,FT,IT Security Auditor,89495,NIO,159994,NI,100,ID,L
2021,EX,CT,Penetration Tester,80274,EUR,119991,PT,0,OM,L
2020,EX,CT,IT Security Auditor,144967,IDR,138489,ID,100,PK,L
2020,SE,FT,ML Engineer,194762,EUR,190007,PT,50,CN,M
2022,MI,PT,Security Engineer,200873,CNY,203529,CN,100,KP,M
2022,SE,FT,DevSecOps Engineer,199614,CNY,172814,CN,50,ID,S
2020,MI,PT,Professional Services Consultant,171986,PHP,175423,PH,50,PT,L
2020,EN,FL,Data Scientist,206804,USD,114297,US,0,DE,L
2020,EN,CT,Professional Services Consultant,144392,CNY,130058,CN,50,CN,M
2022,EN,PT,ML Engineer,101657,IDR,206174,ID,50,CO,S
2020,EN,FL,IT Security Auditor,193087,BRL,187213,BR,50,HN,S
2021,EN,FT,Data Scientist,207987,IDR,156862,ID,100,RU,L
2022,EN,FL,IT Security Auditor,205083,CNY,115318,CN,100,PH,M
2021,EN,FL,Machine Learning Developer,168953,EUR,183779,FR,0,US,M
2020,MI,CT,DevSecOps Engineer,173439,SEK,117816,SE,50,JP,S
2022,EN,FT,Penetration Tester,134852,CNY,153490,CN,50,CO,L
2021,SE,PT,Head of Information Security,174047,UAH,136160,UA,50,JP,M
2021,EN,FL,Penetration Tester,175387,PHP,115865,PH,100,BA,S
2022,EN,CT,DevSecOps Engineer,163247,PLN,213395,PL,50,PL,L
2022,SE,CT,Machine Learning Developer,156122,JPY,205011,JP,50,CN,S
2020,EN,CT,Penetration Tester,87531,USD,135580,US,0,PL,M
2021,EN,CT,Data Scientist,155078,PHP,115175,PH,0,JP,L
2020,EX,FL,Head of Information Security,121523,AFN,121093,AF,50,CN,S
2020,MI,PT,DevSecOps Engineer,104755,PHP,157561,PH,100,NP,M
2022,SE,FL,Head of Information Security,215884,AFN,140220,AF,50,US,L
2021,EN,CT,IT Security Auditor,184292,COP,108536,CO,0,BR,L
2022,SE,PT,IT Security Auditor,214842,BRL,125379,BR,100,CN,L
2020,MI,FL,Security Engineer,188544,CNY,130263,CN,0,AR,M
2022,EN,PT,Data Scientist,91617,RUB,200814,RU,100,PL,L
2020,EN,FT,Security Engineer,111044,MMK,151999,MM,100,MX,L
2020,EN,PT,Professional Services Consultant,85473,BRL,134326,BR,100,ID,M
2020,EX,CT,DevSecOps Engineer,149342,CNY,192389,CN,0,PG,S
2020,EN,CT,IT Security Auditor,108838,VND,179559,VN,0,RU,M
2020,MI,CT,Penetration Tester,187029,RUB,124431,RU,100,BR,M
2021,SE,FL,Head of Information Security,209255,CNY,131465,CN,100,PH,L
2021,SE,FL,Data Scientist,97349,AMD,82288,AM,100,EG,L
2020,EX,CT,Security Engineer,96698,USD,88040,FM,50,CN,M
2022,EN,FL,Head of Information Security,99095,CNY,204181,CN,50,RU,S
2021,EN,PT,Data Scientist,144677,RUB,188555,RU,50,PH,M
2021,SE,CT,ML Engineer,190422,MZN,135806,MZ,0,BR,M
2021,EX,PT,Data Scientist,106101,CAD,203325,CA,0,CN,S
2020,SE,FL,Security Engineer,146087,SYP,80047,SY,0,RU,S
2020,EN,CT,ML Engineer,149045,TND,140470,TN,100,CN,L
2020,SE,PT,DevSecOps Engineer,156627,IDR,138194,ID,50,SE,L
2020,EX,CT,Head of Information Security,210687,EUR,136299,PT,50,ID,M
2022,SE,FL,DevSecOps Engineer,121539,CNY,191475,CN,50,DO,S
2021,EX,PT,IT Security Auditor,88343,EUR,212596,PT,100,TH,S
2021,MI,CT,Data Scientist,218401,PKR,110850,PK,0,PH,M
2021,EX,PT,DevSecOps Engineer,96229,CNY,140405,CN,50,CA,S
2020,SE,CT,Machine Learning Developer,181802,EUR,98026,FR,0,CN,M
2020,EN,PT,Penetration Tester,117986,EUR,130188,PT,0,VE,S
2022,EN,CT,Head of Information Security,151309,KPW,199507,KP,0,PT,L
2022,EX,FT,ML Engineer,118772,EUR,211204,PT,100,UA,L
2022,SE,FT,Machine Learning Developer,139491,CNY,219834,CN,0,FR,S
2020,MI,PT,Head of Information Security,213450,CNY,130027,CN,0,FI,L
2020,SE,FT,Data Scientist,87805,PKR,105454,PK,100,ID,S
2022,SE,CT,Penetration Tester,151270,JPY,117494,JP,100,PH,L
2020,EN,PT,Machine Learning Developer,173624,NOK,129984,NO,100,TZ,M
2021,SE,CT,Penetration Tester,110165,PHP,87202,PH,50,BR,M
2021,SE,FL,Professional Services Consultant,80110,BRL,149832,BR,50,ID,S
2022,EN,FT,Data Scientist,98003,CNY,175098,CN,0,TH,M
2020,EN,FT,Data Scientist,192369,EUR,218204,PT,0,KM,M
2020,EN,FT,Data Scientist,180675,PHP,144679,PH,0,FI,M
2020,SE,CT,Security Engineer,113815,RUB,156811,RU,0,FR,L
2022,EN,FT,Machine Learning Developer,119759,HRK,214528,HR,50,CN,S
2020,SE,PT,Professional Services Consultant,175498,EUR,188975,PT,50,IL,M
2022,EX,CT,DevSecOps Engineer,196848,IDR,90324,ID,100,BR,M
2021,SE,FT,Security Engineer,102318,CNY,153064,CN,50,CN,L
2022,SE,CT,Head of Information Security,184437,IDR,194717,ID,0,FI,M
2021,MI,PT,Security Engineer,179455,USD,111373,US,50,CO,L
2020,SE,PT,Penetration Tester,127496,PHP,116329,PH,0,YE,M
2020,EX,FT,Machine Learning Developer,142055,CNY,218599,CN,100,ET,L
2021,SE,CT,Security Engineer,130809,PLN,132373,PL,50,ID,L
2020,MI,PT,DevSecOps Engineer,199893,UZS,197838,UZ,50,PH,M
2022,MI,FL,Head of Information Security,139095,ETB,92948,ET,0,PT,S
2020,EX,PT,ML Engineer,187338,BRL,117992,BR,0,VN,S
2021,EN,FT,Head of Information Security,81808,CNY,203843,CN,0,HR,M
2021,EN,FT,Security Engineer,131869,BYR,196268,BY,0,FR,L
2020,MI,CT,DevSecOps Engineer,197775,PHP,155099,PH,50,CZ,S
2021,SE,CT,Head of Information Security,172720,CNY,97814,CN,100,UA,S
2022,SE,PT,Data Scientist,180831,CNY,199597,CN,0,EG,S
2022,EX,FL,Head of Information Security,183797,SYP,192194,SY,50,CN,S
2020,EX,CT,Penetration Tester,148633,IDR,127969,ID,100,CN,L
2022,EX,FT,Data Scientist,216461,EUR,87850,FR,0,CN,S
2020,EN,CT,Data Scientist,214670,CNY,156799,CN,100,LK,M
2021,MI,FL,Data Scientist,198325,PHP,171025,PH,0,CN,M
2020,SE,FT,Machine Learning Developer,199579,CNY,139849,CN,0,ID,M
2022,EX,FT,Data Scientist,116479,SEK,119166,SE,100,ID,M
2020,EX,PT,Penetration Tester,169831,IDR,154064,ID,100,LU,L
2020,EX,PT,Security Engineer,191325,RSD,196281,RS,100,IL,L
2020,SE,CT,Data Scientist,91952,CNY,169915,CN,0,IQ,M
2020,EX,FL,Machine Learning Developer,100048,EUR,146719,GR,100,RU,L
2022,EN,FL,Machine Learning Developer,147077,IDR,149574,ID,50,NO,L
2022,SE,FT,DevSecOps Engineer,92079,CNY,81164,CN,50,CN,L
2021,MI,FT,Professional Services Consultant,194168,EUR,131629,FR,100,FR,L
2021,MI,FL,Head of Information Security,162356,CRC,107762,CR,50,TM,L
2020,EN,PT,IT Security Auditor,185392,THB,194797,TH,100,RU,S
2022,EX,FL,Data Scientist,109047,CAD,165985,CA,50,SN,S
2020,EX,FL,Penetration Tester,102883,VEF,89997,VE,0,PL,L
2020,SE,FT,Machine Learning Developer,212056,RUB,85022,RU,50,KZ,S
2022,EX,PT,Security Engineer,203280,JMD,132159,JM,100,FR,M
2022,MI,CT,Professional Services Consultant,160256,EUR,149359,FR,0,OM,S
2022,EX,CT,Security Engineer,172451,PEN,100947,PE,0,PL,L
2021,EX,CT,Head of Information Security,194717,CNY,80192,CN,0,CN,M
2021,EX,FL,IT Security Auditor,101518,EUR,191547,FR,50,CN,M
2020,EN,CT,Head of Information Security,130811,CNY,204627,CN,100,AR,L
2022,EN,PT,Machine Learning Developer,152105,CNY,173094,CN,0,MY,M
2021,SE,FT,Security Engineer,118502,IDR,107206,ID,50,JP,L
2021,SE,PT,Head of Information Security,96397,CNY,148489,CN,100,PL,M
2021,EN,CT,Head of Information Security,162827,CNY,160220,CN,100,CN,S
2021,EN,FT,Machine Learning Developer,108457,PHP,181621,PH,100,CN,M
2020,SE,CT,Machine Learning Developer,84433,EUR,178831,PT,100,CN,L
2022,MI,CT,Penetration Tester,87646,IDR,117236,ID,0,ID,S
2022,EX,PT,Data Scientist,196268,USD,190467,EC,100,FR,S
2022,EN,CT,ML Engineer,188552,PHP,149636,PH,100,PT,S
